     ,Grid Re,Rossby Number,Shaft Speed Standard Deviation * M / u_inf,Turbulence Intensity,L_ux / M,Anisotropy,Re_lambda,Epsilon
0,47780.8,15,0.000718234,0.124117,2.33859,1.16072,703.072,9.46995
1,47830,15,0.00476621,0.124174,2.35786,1.15974,704.247,9.49473
2,48068.6,15,0.00882217,0.125002,2.72586,1.17606,718.288,9.56161
3,47643.7,15,0.0130168,0.127897,2.6858,1.18271,733.511,9.69743
4,47832.2,20,0.000717461,0.130033,2.45863,1.17059,746.527,10.1629
5,47948,20,0.00475448,0.130851,2.47601,1.17904,753.266,10.3348
6,47684.8,20,0.00889318,0.130871,2.35376,1.16924,749.111,10.2285
7,47765.6,20,0.0129836,0.13338,2.42024,1.14377,772.839,10.4389
8,48007.5,25,0.000714842,0.135323,2.71822,1.17186,798.622,10.5694
9,47941.8,25,0.00475509,0.135262,2.62629,1.18273,787.36,10.7952
10,47735.2,25,0.00888379,0.137209,2.59539,1.15628,808.223,10.6617
11,47844,25,0.0129624,0.134168,2.62365,1.19119,786.1,10.3981
12,47838.3,30,0.00071737,0.136493,2.69304,1.20283,800.477,10.7362
13,48001.4,30,0.00474919,0.137348,2.70417,1.185,812.65,10.8269
14,47881.9,30,0.00885657,0.137311,2.6842,1.18155,813.519,10.6851
15,48339.3,30,0.0128295,0.136779,2.88491,1.1902,818.985,10.783
16,48429.9,40,0.000708607,0.139072,2.73076,1.17464,839.21,11.0579
17,47907.9,40,0.00475847,0.139547,3.05091,1.23395,837.556,10.7768
18,47935.2,40,0.00884671,0.139422,3.13482,1.24976,834.386,10.8446
19,47656.6,40,0.0130133,0.137994,3.22487,1.243,815.674,10.6392
20,48074.2,70,0.000713849,0.139465,3.59332,1.3381,856.067,10.4352
21,47587,70,0.00479055,0.139855,3.8225,1.31932,846.554,10.3603
22,47963.3,70,0.00884153,0.13926,4.4377,1.34633,838.562,10.7121
23,47989,70,0.0129232,0.139754,4.33633,1.32715,848.199,10.6422
24,11797.4,15,0.00290892,0.100073,1.91754,1.09642,191.503,0.200485
25,11754.2,15,0.00291962,0.0948079,2.11476,1.08572,178.83,0.182506
26,11778.6,15,0.0193544,0.104994,1.62179,1.04348,215.825,0.190033
27,11832,15,0.0358409,0.102241,2.15804,1.14664,213.783,0.177334
28,11772.9,15,0.0526779,0.100748,2.82669,1.23006,210.448,0.16912
29,12114.2,20,0.00283285,0.11197,1.95217,1.07198,233.777,0.23442
30,11952.4,20,0.019073,0.109699,1.6775,1.08899,229.168,0.212976
31,11799.3,20,0.0359402,0.105707,3.16279,1.28333,218.96,0.191036
32,11922.3,20,0.0520179,0.105694,2.50843,1.25857,224.656,0.189063
33,12187.1,25,0.00281591,0.118847,1.98722,1.09774,255.538,0.255062
34,12080.6,25,0.0188706,0.114611,2.27064,1.17965,247.719,0.226648
35,12106.8,25,0.0350272,0.113895,2.65124,1.16538,250.685,0.217716
36,11976.3,25,0.0517834,0.111845,2.61327,1.17141,246.717,0.200155
37,12339.9,30,0.00278103,0.122332,1.9449,1.0784,280.98,0.248927
38,12218.7,30,0.0186573,0.12066,2.16311,1.13085,271.735,0.242142
39,12114.1,30,0.0350061,0.112263,2.74288,1.19401,245.039,0.215605
40,12005.5,30,0.0516571,0.104387,2.30382,1.18741,219.686,0.193427
41,12182.8,40,0.0028169,0.124614,1.93941,1.109,281.609,0.253497
42,12039.6,40,0.0189348,0.124259,3.58338,1.21512,276.538,0.247896
43,12059.7,40,0.0351642,0.117761,2.34123,1.19396,253.141,0.240231
44,11989.4,40,0.0517267,0.10699,2.20006,1.14644,226.471,0.199779
45,12528.5,70,0.00273917,0.128949,3.32924,1.30776,306.1,0.275138
46,12244.9,70,0.0186173,0.123807,3.62391,1.30271,279.047,0.25672
47,12182.7,70,0.0348091,0.118094,2.26071,1.19115,254.742,0.249858
48,12021.4,70,0.051589,0.109962,2.29135,1.16072,238.692,0.202821
49,20390,15,0.00168307,0.108315,1.97316,1.12241,296.124,1.02679
50,20824.6,15,0.0109471,0.108036,1.94201,1.10908,307.702,1.02407
51,20740.1,15,0.0204468,0.112326,1.87951,1.10095,331.287,1.01572
52,20908.1,15,0.0296617,0.110373,2.02286,1.13591,327.67,0.99963
53,20978.3,20,0.00163587,0.118876,2.14616,1.1235,353.204,1.17332
54,20979.5,20,0.0108662,0.118431,1.94575,1.09892,353.212,1.15607
55,20991.6,20,0.0202019,0.117161,2.14119,1.15465,353.658,1.10704
56,21207.6,20,0.0292429,0.113361,2.57971,1.2163,341.12,1.08644
57,21330.5,25,0.00160886,0.12285,2.02656,1.10234,379.472,1.23923
58,21345.3,25,0.01068,0.121024,2.14699,1.14345,371.424,1.22171
59,21235.4,25,0.01997,0.121732,2.46855,1.16148,375.48,1.19864
60,21046.9,25,0.0294662,0.118044,3.49851,1.22852,359.031,1.11858
61,21578.5,30,0.00159037,0.127575,2.0667,1.08531,402.733,1.34006
62,21516.8,30,0.0105949,0.122116,1.93158,1.10573,382.677,1.23184
63,20768.2,30,0.0204192,0.121182,2.37338,1.18175,358.936,1.17848
64,20678,30,0.0299918,0.121231,2.78277,1.19861,361.607,1.14296
65,21294.5,40,0.00161158,0.131879,2.25872,1.11029,418.395,1.34465
66,20924.4,40,0.0108948,0.127973,2.26416,1.16236,394.583,1.24973
67,21068.7,40,0.0201279,0.124739,3.10086,1.23473,384.775,1.21942
68,20642.4,40,0.0300435,0.126062,3.68457,1.26628,383.269,1.18135
69,21087.4,70,0.00162741,0.130553,3.01932,1.24844,414.2,1.26714
70,21013.6,70,0.0108486,0.131716,4.89932,1.32635,424.285,1.23382
71,21075.3,70,0.0201216,0.126467,3.17212,1.24364,389.55,1.25862
72,20777.4,70,0.0298483,0.124875,2.69466,1.20984,372.668,1.23491
73,28658.4,15,0.00119748,0.115496,2.25412,1.13689,413.087,2.66198
74,28443,15,0.0080149,0.115133,2.09385,1.12466,409.035,2.60132
75,28734.4,15,0.0147583,0.116375,2.13067,1.13472,420.895,2.67125
76,28704.7,15,0.0216052,0.11926,2.35373,1.15537,435.758,2.73723
77,28978.6,20,0.00118424,0.124639,2.26376,1.1408,463.547,2.99744
78,28994.3,20,0.00786252,0.123181,2.12022,1.12065,455.71,2.96519
79,29236.1,20,0.014505,0.122811,2.0103,1.12,463.127,2.9325
80,29215.5,20,0.0212274,0.124478,2.1829,1.15051,472.018,2.97108
81,29361.5,25,0.0011688,0.126603,2.2986,1.13044,483.871,3.08633
82,29653.4,25,0.00768775,0.12624,2.16058,1.10533,487.547,3.12656
83,29357.6,25,0.014445,0.127617,2.33071,1.13231,498.126,3.00498
84,29468.9,25,0.0210449,0.124517,2.57786,1.16748,479.03,2.98988
85,29903.3,30,0.00114762,0.129877,2.31611,1.12747,512.26,3.28117
86,29749.2,30,0.00766298,0.132248,2.14045,1.10885,530.185,3.22568
87,29707,30,0.0142751,0.130089,2.30619,1.13862,517.528,3.15168
88,29457.8,30,0.0210529,0.130368,3.19149,1.22372,516.459,3.08616
89,30176.1,40,0.00113725,0.131681,2.36828,1.13811,537.438,3.26657
90,30182.9,40,0.00755289,0.133197,2.64734,1.16862,546.047,3.31562
91,30055,40,0.0141098,0.130351,2.81464,1.19813,530.683,3.16566
92,29595,40,0.0209553,0.130491,3.55826,1.2624,524.517,3.0597
93,30173.1,70,0.00113736,0.134927,3.20588,1.29615,568.004,3.22239
94,30174.9,70,0.00755488,0.134569,4.03097,1.32013,571.204,3.15345
95,30075.7,70,0.0141001,0.134584,4.36529,1.29808,562.383,3.21205
96,30078.4,70,0.0206185,0.131833,3.9813,1.30507,547.053,3.12656
97,38276.7,15,0.000896569,0.120923,2.28745,1.15242,554.943,5.64009
98,38489.4,15,0.00592288,0.121114,2.23533,1.1566,560.336,5.6919
99,38278,15,0.0110787,0.119559,2.12573,1.13903,542.385,5.64304
100,38585.7,15,0.0160726,0.122096,2.43916,1.16349,571.945,5.6991
101,38952.4,20,0.000881017,0.126825,2.48242,1.14758,605.564,6.14683
102,39064.4,20,0.00583569,0.127189,2.41835,1.14966,618.549,6.02815
103,38996.9,20,0.0108744,0.128271,2.49128,1.1519,626.45,6.03775
104,37538.7,20,0.0165209,0.127136,2.66731,1.17319,582.948,5.77754
105,37764.3,25,0.000908735,0.131609,2.37427,1.16157,609.954,6.20707
106,37871.6,25,0.0060195,0.131477,2.45861,1.1656,618.705,6.07706
107,38017.8,25,0.0111545,0.130982,2.18554,1.12977,612.866,6.19546
108,37889.1,25,0.016368,0.130549,2.28503,1.1543,611.634,6.05584
109,40200.1,30,0.000853672,0.134704,2.59879,1.14239,705.359,6.54068
110,39822.3,30,0.00572463,0.134005,2.57416,1.15439,696.231,6.33129
111,39780.1,30,0.0106603,0.132917,2.60852,1.16483,678.124,6.43248
112,39755.9,30,0.0155995,0.133166,2.84653,1.19776,683.05,6.37204
113,40199.6,40,0.000853685,0.135619,2.6387,1.18224,715.67,6.52757
114,40109.5,40,0.00568364,0.138554,2.73027,1.15669,736.796,6.64937
115,39637.3,40,0.0106987,0.13624,3.11009,1.19767,707.32,6.43297
116,39409.9,40,0.0157364,0.135128,3.3497,1.22094,693.232,6.33375
117,39810.5,70,0.000862027,0.134711,3.13474,1.2591,703.521,6.32495
118,39703.1,70,0.00574182,0.138587,3.49828,1.27893,734.328,6.43305
119,39123.3,70,0.0108393,0.137954,4.47324,1.30798,718.439,6.22168
120,39727.3,70,0.0156107,0.136389,4.00488,1.30466,710.828,6.45585
