,Trial Name,Grid Re,Rossby Number,Shaft Speed Standard Deviation * M / u_inf,Shaft Speed Standard Deviation * M^2 / nu,Turbulence Intensity,Turbulence Intensity Uncertainty,L_ux / M,L_ux Uncertainty,Anisotropy,Re_lambda,Epsilon
0,fs_12_Ro_15_Std_0.14,47780.75125107925,15.0,0.0007182336976265698,34.317745646438,0.1241170511816023,0.008052548255982825,2.3385878914124683,0.1662756305816754,1.1607170454945068,703.0715738865629,9.469949044552617
1,fs_12_Ro_15_Std_0.93,47830.00523435253,15.0,0.004766210680455118,227.96788179419525,0.12417397287504967,0.008066865456154888,2.357853110456633,0.37704911608460173,1.1597369129949333,704.247426098062,9.494727650393564
2,fs_12_Ro_15_Std_1.73,48068.573863765385,15.0,0.008822173228812904,424.06928548812664,0.12500248201413722,0.008045818012983725,2.7258407534802576,0.7893749423479118,1.1760559481310682,718.288333282932,9.56160721568459
3,fs_12_Ro_15_Std_2.53,47643.7121343094,15.0,0.01301684233658733,620.170689182058,0.1278967796475726,0.008349098708317716,2.685785216617201,0.3574503158291835,1.1827113076845055,733.5108032572979,9.697433403363195
4,fs_12_Ro_20_Std_0.14,47832.210929331675,20.0,0.0007174609950006234,34.317745646438,0.13003312722146465,0.008711801031127304,2.458622459258065,0.27468744965427394,1.1705854523500947,746.5268070420475,10.162862875490553
5,fs_12_Ro_20_Std_0.93,47948.0438597026,20.0,0.004754477209982457,227.96788179419528,0.13085074823766657,0.008746892935498263,2.476004161784262,0.27885403129472897,1.1790428510389668,753.2655280659836,10.334780583262075
6,fs_12_Ro_20_Std_1.73,47684.785128518306,20.0,0.008893178072317836,424.06928548812664,0.13087136392049128,0.008829536545853976,2.3537637908241344,0.20286235786293697,1.1692397156028405,749.111391175846,10.22854974817533
7,fs_12_Ro_20_Std_2.53,47765.56871123881,20.0,0.012983634570148799,620.170689182058,0.1333802289632891,0.00937637404233335,2.420240599079344,0.16132875752341921,1.1437701057979317,772.8394489094815,10.438933032782264
8,fs_12_Ro_25_Std_0.14,48007.46665499846,25.0,0.0007148418368554943,34.31774564643799,0.13532325909750537,0.00938578282890752,2.7185018164285055,0.46238873033384353,1.171862258075016,798.6222095161216,10.569421384977954
9,fs_12_Ro_25_Std_0.93,47941.84013046598,25.0,0.004755092444800146,227.96788179419522,0.13526234800170422,0.00928334711475034,2.6262805683638994,0.45964869883477727,1.1827320677966586,787.3596475455325,10.795163105329245
10,fs_12_Ro_25_Std_1.73,47735.163270090576,25.0,0.008883792500901233,424.06928548812664,0.13720858834139724,0.009779152191661204,2.5953882017672476,0.35770904697901745,1.1562767582057796,808.2225486911502,10.661687235016904
11,fs_12_Ro_25_Std_2.53,47843.99644951297,25.0,0.012962351291796634,620.170689182058,0.13416765089513255,0.009069973214029897,2.623644087617488,0.2804513337737876,1.191187680866903,786.0997685519955,10.398118304744463
12,fs_12_Ro_30_Std_0.14,47838.26625222714,30.0,0.0007173701794604714,34.317745646438,0.13649266148894076,0.009271601377647409,2.693027433360396,0.28025488958838907,1.2028330032315933,800.4768794846831,10.736194728261294
13,fs_12_Ro_30_Std_0.93,48001.38909752207,30.0,0.0047491934312785,227.96788179419525,0.13734783652306604,0.00953782717193253,2.7041631118531044,0.18615498511309594,1.1849961643394569,812.6498863664277,10.826911457255342
14,fs_12_Ro_30_Std_1.73,47881.895598629664,30.0,0.008856568441711048,424.06928548812664,0.13731075676386117,0.00956349301651937,2.6841933870556236,0.48235946750984193,1.1815462635259595,813.5185480058867,10.685077968298971
15,fs_12_Ro_30_Std_2.53,48339.270180109896,30.0,0.01282954183775077,620.1706891820581,0.13677925769420796,0.009417329134851035,2.8848992148161576,0.2848151744825761,1.190195324513676,818.9846800486689,10.78298001973059
16,fs_12_Ro_40_Std_0.14,48429.86116740254,40.0,0.0007086071448318913,34.317745646438,0.13907153889882562,0.009862370861096143,2.73072707850468,0.3196819781226278,1.1746355322082656,839.210314260968,11.057917401819747
17,fs_12_Ro_40_Std_0.93,47907.85362995052,40.0,0.004758465773796986,227.96788179419522,0.1395468847140255,0.009402385663446929,3.0508834564174494,0.3462393585161537,1.23395045856411,837.5555496348054,10.776785205163547
18,fs_12_Ro_40_Std_1.73,47935.228634257546,40.0,0.008846714568188372,424.06928548812664,0.13942171178990523,0.00925530850844424,3.1356228399537853,0.41293506489145054,1.2497584994723074,834.3863985918288,10.844647814003551
19,fs_12_Ro_40_Std_2.53,47656.6048563281,40.0,0.013013320840872039,620.170689182058,0.13799385716210993,0.009130342094198798,3.224863571441679,0.4223153023733217,1.2429990270167204,815.6736769803789,10.639165097353128
20,fs_12_Ro_70_Std_0.14,48074.23914351411,70.0,0.0007138489606458585,34.317745646438,0.13946475399280348,0.008586568077170611,3.536021324689977,0.21263154421256875,1.3381000860043248,856.0674556493153,10.435195593016783
21,fs_12_Ro_70_Std_0.93,47587.03368943883,70.0,0.004790546166040793,227.96788179419522,0.13985535961411663,0.008768404554208587,3.816033782582494,0.39264584616128445,1.3193247995710224,846.5542893858545,10.360253790257683
22,fs_12_Ro_70_Std_1.73,47963.318722512646,70.0,0.008841533421436919,424.06928548812664,0.13925955289289546,0.008504703721456343,4.436156433193817,1.2288915317890046,1.346330358424321,838.5619318498635,10.712125007962074
23,fs_12_Ro_70_Std_2.53,47988.96576710177,70.0,0.012923193473096438,620.170689182058,0.13975363718320685,0.008699120970971919,4.335578394590063,1.439469536712016,1.3271506612956312,848.1985316283161,10.64221519475588
24,fs_3_Ro_15_Std_0.14,11797.425692627572,15.0,0.0029089181437170473,34.317745646438,0.10007340554243606,0.005733608142706504,1.9174953244766002,0.35635425630239764,1.0964179064454167,191.50292943944697,0.20048500946537678
25,fs_3_Ro_15_Std_0.93,11778.579717385559,15.0,0.019354445719606362,227.96788179419525,0.10499376446532899,0.006597309302150269,1.6217730913180934,0.3511894396783618,1.0434849197556435,215.82536376578216,0.19003333842329723
26,fs_3_Ro_15_Std_1.73,11831.984222295647,15.0,0.03584092722918189,424.0692854881266,0.10224102785234439,0.005691373140236198,2.151928151992399,0.39245478083211083,1.1466418547436492,213.7834766976179,0.17733396048454705
27,fs_3_Ro_15_Std_2.53,11772.883646506207,15.0,0.052677891653681946,620.170689182058,0.10074788197560643,0.00514946456148654,2.826741549876803,1.3786031253479158,1.230055453195886,210.44788846251413,0.169120008062148
28,fs_3_Ro_20_Std_0.14,12114.209096552338,20.0,0.0028328506940007094,34.317745646438,0.11197023495911414,0.007228836866148713,1.952073796288387,0.9155976093983834,1.0719849295747086,233.77740334738425,0.23441996073995913
29,fs_3_Ro_20_Std_0.93,11952.38685676397,20.0,0.019073000608676425,227.96788179419528,0.10969901007731128,0.00684290424338455,1.6688155661838122,0.23410543562419536,1.0889895385228547,229.16818815830214,0.21297555886396047
30,fs_3_Ro_20_Std_2.53,11922.251207843878,20.0,0.05201791829164243,620.170689182058,0.10569389344340512,0.0054849530227946905,2.501050832087928,0.5859143715477355,1.2585705774670013,224.65568780671535,0.18906313343232486
31,fs_3_Ro_25_Std_0.14,12187.06867753314,25.0,0.0028159146842015224,34.317745646438,0.1188467148627516,0.007880936699944585,1.9870764768632811,0.3973105347231005,1.0977357767945388,255.53765807702098,0.2550615351369513
32,fs_3_Ro_25_Std_0.93,12080.615331809144,25.0,0.018870552164171567,227.96788179419525,0.11461096705225242,0.0068184812221398815,2.234569818531807,0.5420084273717897,1.1796546384529634,247.71910817038008,0.22664750642938813
33,fs_3_Ro_25_Std_1.73,12106.841855853982,25.0,0.0350272424912429,424.06928548812664,0.11389474865131342,0.006827687991979926,2.65118685515954,0.3630830431225345,1.1653813941435591,250.68501264017175,0.21771611170791355
34,fs_3_Ro_25_Std_2.53,11976.251972898608,25.0,0.05178337017169139,620.170689182058,0.11184528751126223,0.00656539902292135,2.6132283969011993,0.7564352695735991,1.171408160863726,246.71687268251682,0.2001546972861395
35,fs_3_Ro_30_Std_0.14,12339.947458557908,30.0,0.002781028506133404,34.31774564643799,0.12233199428806947,0.008482211189584582,1.962413725421086,0.38074550450108086,1.0784000814490036,280.9796478342075,0.2489274368002486
36,fs_3_Ro_30_Std_0.93,12218.713712705492,30.0,0.01865727335579893,227.9678817941952,0.12065995573956291,0.007853753457710692,2.166007121942851,0.5180101780538963,1.1308548424160778,271.735456899254,0.2421424950359725
37,fs_3_Ro_30_Std_1.73,12114.137792521291,30.0,0.035006146764314294,424.0692854881267,0.11226322916993131,0.006477847307484842,2.7372721863558076,0.437644348496861,1.1940068834190418,245.03913280859373,0.21560473473797975
38,fs_3_Ro_30_Std_2.53,12005.520714648565,30.0,0.05165712541109153,620.170689182058,0.10438724223726838,0.005699709637771841,2.2961933517674593,0.24016282599396083,1.187411452425555,219.68628864575462,0.1934268808263418
39,fs_3_Ro_40_Std_0.14,12182.827236546542,40.0,0.0028168950425144523,34.317745646438,0.12461380042360203,0.008522939422323444,1.8739430950964218,0.3748185363302322,1.1090015056157212,281.60919923045975,0.25349667149114274
40,fs_3_Ro_40_Std_1.73,12059.682445958382,40.0,0.03516421658600529,424.0692854881266,0.11776083843532273,0.007079126107697296,2.3410961461692974,0.41641103720473704,1.1939588125567058,253.141379609801,0.2402314094758035
41,fs_3_Ro_40_Std_2.53,11989.37550917093,40.0,0.05172668824224216,620.170689182058,0.1069903431449056,0.006188011378348086,2.200052828004502,0.6387876556399837,1.146436038709889,226.47085257123103,0.19977860283053833
42,fs_3_Ro_70_Std_0.14,12528.512239293697,70.0,0.002739171658292021,34.317745646438,0.12894879420054212,0.007598488157704943,3.2165520438109545,0.7690168690410187,1.3077553078903554,306.0996046785881,0.27513804063861547
43,fs_3_Ro_70_Std_0.93,12244.93888837656,70.0,0.018617314783873073,227.96788179419525,0.1238069006528332,0.007072697350394816,3.6127798731946426,0.590749861184882,1.302714608431698,279.04696218294873,0.2567203679755114
44,fs_3_Ro_70_Std_1.73,12182.700928232245,70.0,0.034809135345790734,424.06928548812664,0.11809383844643742,0.007134469751404052,2.2452539908665328,0.39849477857065907,1.1911519776629125,254.7415841837865,0.24985763569861066
45,fs_3_Ro_70_Std_2.53,12021.370114568606,70.0,0.051589018828268,620.1706891820581,0.10996155642277217,0.006424443186017679,2.2883115761891046,0.7901436813933567,1.1607214753882984,238.69211008412935,0.20282070557323648
46,fs_5.25_Ro_15_Std_0.14,20390.029413699438,15.0,0.0016830650388067099,34.317745646438,0.10831450732605852,0.006473354770105745,1.9731722446364601,0.19296917603068006,1.122409464627732,296.123787705219,1.0267870005099025
47,fs_5.25_Ro_15_Std_0.93,20824.588845717088,15.0,0.01094705319193279,227.96788179419525,0.10803613777244907,0.006524326863865843,1.9420002687697977,0.3687125808176887,1.1090824785831979,307.70249655156886,1.0240683222664106
48,fs_5.25_Ro_15_Std_1.73,20740.134273448974,15.0,0.020446795565398534,424.06928548812664,0.11232639906820069,0.007068956050503873,1.879511793636306,0.24458517777018438,1.1009524212215989,331.2867304683925,1.0157212755165717
49,fs_5.25_Ro_15_Std_2.53,20908.098405804638,15.0,0.029661745279038972,620.170689182058,0.11037255823136026,0.006618815431545995,2.022855858062414,0.06926638225107823,1.1359139362213695,327.66967380649527,0.9996296037348785
50,fs_5.25_Ro_20_Std_0.14,20978.28536829617,20.0,0.001635869902804418,34.317745646438,0.11887615352666793,0.007690936803785255,2.146135658798232,0.6912148527819231,1.1235027215843831,353.2039111905017,1.173321296784876
51,fs_5.25_Ro_20_Std_0.93,20979.461517778593,20.0,0.01086624085184497,227.96788179419522,0.11843148498719237,0.007820244285209584,1.9457498281485888,0.12689254726057378,1.098921381643801,353.21225104777454,1.1560684778751622
52,fs_5.25_Ro_20_Std_1.73,20991.599518460927,20.0,0.020201856705354043,424.0692854881266,0.11716137388860523,0.007268423623126827,2.1220143672193195,0.25628985029790374,1.1546484575327558,353.6581625660625,1.1070356562634627
53,fs_5.25_Ro_20_Std_2.53,21207.553168928986,20.0,0.029242915683958537,620.170689182058,0.1133607396011915,0.006466674453065353,2.579719712636717,0.43367770974977504,1.2163032542030199,341.1202888944204,1.0864428066967877
54,fs_5.25_Ro_25_Std_0.14,21330.486282764552,25.0,0.001608859038256779,34.317745646438,0.12284995085012079,0.008350594901195245,2.0266980117439912,0.41508096840152836,1.1023425980366162,379.4720740926941,1.2392312638053642
55,fs_5.25_Ro_25_Std_0.93,21345.311478693355,25.0,0.010679997901260433,227.96788179419525,0.12102415814895758,0.007804761208729991,2.1469853232501417,0.15868889914645207,1.1434497892765607,371.42405481107784,1.2217075101093815
56,fs_5.25_Ro_25_Std_2.53,21046.87990057241,25.0,0.02946615802968455,620.170689182058,0.11804373333497717,0.006896157706516212,3.498246264142397,2.202577294635324,1.228518601923657,359.0305852905785,1.118584436198212
57,fs_5.25_Ro_30_Std_0.14,21578.512593912274,30.0,0.0015903665971916765,34.317745646438,0.12757510822651713,0.009120918483672332,2.066687992572011,0.3605599896008305,1.0853133166536881,402.73342456176493,1.340057652458154
58,fs_5.25_Ro_30_Std_0.93,21516.847220948137,30.0,0.010594855252411365,227.96788179419525,0.12211630216020336,0.008229538018515028,1.9165375811290943,0.3054716135983718,1.1057344735289367,382.67677191939805,1.2318390010222264
59,fs_5.25_Ro_30_Std_1.73,20768.208490916386,30.0,0.020419155830104764,424.0692854881266,0.12118186976208503,0.00755099923350442,2.3733812651068082,0.32882804001632426,1.1817475706472427,358.93580126113477,1.178479981210728
60,fs_5.25_Ro_30_Std_2.53,20678.042297951848,30.0,0.029991750681518128,620.170689182058,0.12123133303264907,0.007442126726938919,2.7824216864484472,0.8896547090092081,1.1986147885773264,361.606854630031,1.1429649712968446
61,fs_5.25_Ro_40_Std_0.14,21294.464289150514,40.0,0.0016115806051961975,34.317745646438,0.13187943808468144,0.00947838961278901,2.2587038541932563,0.33003580769305846,1.1102854463453828,418.39529097032755,1.3446544126605608
62,fs_5.25_Ro_40_Std_0.93,20924.383406331308,40.0,0.010894843464071524,227.9678817941953,0.12797304224850484,0.008517661838867423,2.2236907868534015,0.2947095156092458,1.1623640326622198,394.58301055292696,1.2497320849211107
63,fs_5.25_Ro_40_Std_1.73,21068.69749503104,40.0,0.020127930812435912,424.0692854881266,0.12473903876250851,0.007601915539590001,3.100835254040658,0.3736924003292876,1.234729154376261,384.7753662242748,1.2194242622829448
64,fs_5.25_Ro_40_Std_2.53,20642.39284705614,40.0,0.03004354649080821,620.170689182058,0.12606209011670202,0.007543808326874588,3.6843448537353383,0.8232776501694578,1.2662838377259944,383.26930780597405,1.181351438217672
65,fs_5.25_Ro_70_Std_0.14,21087.37866080831,70.0,0.0016274069052602932,34.317745646438,0.1305529437376262,0.0081818717306957,2.974406920524836,0.31883172858685604,1.248436555627761,414.19992332653965,1.2671442673605906
66,fs_5.25_Ro_70_Std_0.93,21013.558433938604,70.0,0.010848609125906471,227.96788179419525,0.1317164777888189,0.007785543875409519,4.894530328597282,2.191033301076982,1.3263508232770216,424.2850919019219,1.2338214846296163
67,fs_5.25_Ro_70_Std_1.73,21075.341570104207,70.0,0.020121585411914625,424.0692854881267,0.1264674049086923,0.007739743468784209,3.172114611647742,0.7624283110924501,1.2436410586811337,389.54966470841987,1.2586247739418182
68,fs_5.25_Ro_70_Std_2.53,20777.39434839027,70.0,0.029848337995765372,620.170689182058,0.12487520746577666,0.00778765070684483,2.6911950179898505,0.6683265076596845,1.2098380607989947,372.66818284052874,1.2349052010231376
69,fs_7.5_Ro_15_Std_0.14,28658.401269044378,15.0,0.0011974759277136166,34.317745646438006,0.11549627085765705,0.0071951112939792105,2.254105037031073,0.5109076115065128,1.1368935337355126,413.0872376923999,2.6619822741951595
70,fs_7.5_Ro_15_Std_0.93,28442.99531949078,15.0,0.008014904170025249,227.96788179419528,0.11513331105969801,0.007236092580453641,2.0938433772523326,0.3670712639394468,1.1246570888237932,409.0350080952409,2.6013175308286063
71,fs_7.5_Ro_15_Std_1.73,28734.38761372416,15.0,0.014758250330192596,424.06928548812664,0.11637535522448164,0.007312611340568945,2.130656534441494,0.3350167781707093,1.134724018645793,420.89464175683935,2.6712473100909686
72,fs_7.5_Ro_15_Std_2.53,28704.72579729411,15.0,0.02160517726459241,620.170689182058,0.11926001752068192,0.007508623584256285,2.353720825929037,0.24883555186398765,1.1553738770043527,435.75800265649957,2.737230509513939
73,fs_7.5_Ro_20_Std_0.14,28978.646046354555,20.0,0.0011842425485146186,34.31774564643799,0.12463903201813675,0.008269756526236443,2.263741679318672,0.4371289000246142,1.1408037244217417,463.54683894863666,2.9974394100854673
74,fs_7.5_Ro_20_Std_0.93,28994.263233654892,20.0,0.007862516800550499,227.96788179419522,0.12318086326219978,0.008245466776149473,2.1194476365748667,0.22061013508867053,1.1206476765411257,455.7103982663788,2.965189381719693
75,fs_7.5_Ro_20_Std_1.73,29236.10521080475,20.0,0.014504985613863637,424.06928548812664,0.12281114345839522,0.00820398318580037,2.0102959436772463,0.13357244942555999,1.120001327843072,463.1267292381075,2.932503236201539
76,fs_7.5_Ro_20_Std_2.53,29215.52798063008,20.0,0.021227433904094827,620.170689182058,0.1244778267400553,0.008174400835611394,2.18246231174802,0.1806059715895859,1.1505076290354308,472.0184225822933,2.971078165008971
77,fs_7.5_Ro_25_Std_0.14,29361.457761265407,25.0,0.0011688025140124713,34.31774564643799,0.12660341553072352,0.00860210618319269,2.2985917341933053,0.41527451861629433,1.1304408289703947,483.87065141366867,3.0863317899839613
78,fs_7.5_Ro_25_Std_0.93,29653.398849158337,25.0,0.007687748812668256,227.96788179419522,0.12624042972886207,0.008765918502620618,2.1605314707735523,0.18695103736949814,1.1053345071871767,487.54726013046957,3.1265642832500005
79,fs_7.5_Ro_25_Std_1.73,29357.55399719487,25.0,0.014444980175414023,424.06928548812664,0.12761681449953666,0.008717254363830031,2.331176290888689,0.1709571896948069,1.13230681923392,498.1262265124629,3.0049779256809335
80,fs_7.5_Ro_25_Std_2.53,29468.9303189747,25.0,0.02104489991558117,620.170689182058,0.12451689883648125,0.008050686457056139,2.577850711240427,0.4218253444538194,1.167477307178184,479.029940046246,2.989884306630782
81,fs_7.5_Ro_30_Std_0.14,29903.298934214723,30.0,0.001147624070572774,34.317745646438,0.12987669672670626,0.009054150730333327,2.316095145024544,0.46904240933131874,1.1274716295339875,512.2604482293767,3.2811699529235696
82,fs_7.5_Ro_30_Std_0.93,29749.245286894286,30.0,0.007662980341038234,227.96788179419525,0.1322484685986548,0.009542358472003269,2.1404471736043225,0.3163998253201947,1.1088536482489275,530.1846682534359,3.2256787788829526
83,fs_7.5_Ro_30_Std_1.73,29706.97679895188,30.0,0.014275073776712567,424.06928548812664,0.1300894214338155,0.008985691454733094,2.3020324453457643,0.34928576661559224,1.1386210238614916,517.528266026895,3.1516837823085058
84,fs_7.5_Ro_30_Std_2.53,29457.780724470693,30.0,0.021052865284820314,620.170689182058,0.1303678052321719,0.008340332973686575,3.191450497229699,0.6214470098810592,1.2237218326329498,516.4592035367398,3.086160470504983
85,fs_7.5_Ro_40_Std_0.14,30176.080820835374,40.0,0.0011372499248723834,34.317745646438,0.13168066903776765,0.009200054039438776,2.368261801818054,0.42058945707576595,1.13811008762794,537.4380583221682,3.266567443341938
86,fs_7.5_Ro_40_Std_0.93,30182.85671770116,40.0,0.007552892820131909,227.96788179419525,0.13319670709744982,0.009134925400616282,2.6188040402589157,0.28616626297682524,1.1686151037803247,546.0469472305093,3.3156172020010164
87,fs_7.5_Ro_40_Std_1.73,30055.044757377822,40.0,0.014109753916903663,424.06928548812664,0.13035087191539588,0.008532927236199748,2.8131019368081565,0.4474575993655622,1.1981332952110868,530.6826381916696,3.1656620421585493
88,fs_7.5_Ro_40_Std_2.53,29594.96720570645,40.0,0.020955275431509105,620.170689182058,0.13049067801903405,0.008075633709332305,3.5583204304687075,0.31587420109871095,1.2624047160846408,524.5170193203512,3.0597029378576877
89,fs_7.5_Ro_70_Std_0.14,30173.052762426447,70.0,0.0011373640551602655,34.317745646438,0.13492690998210774,0.008355275268926021,3.19948017235471,0.24781263701465,1.2961452257779291,568.003866436493,3.222387413064566
90,fs_7.5_Ro_70_Std_0.93,30174.90230259939,70.0,0.007554883840487436,227.96788179419525,0.13456867663478952,0.00814731858071376,4.0305933694203535,0.42936230127899516,1.3201323406641567,571.2038895938568,3.1534513417475107
91,fs_7.5_Ro_70_Std_1.73,30075.689282712887,70.0,0.014100068713366982,424.06928548812664,0.13458413900579605,0.008301666044137344,4.36492644762879,1.026752652018285,1.2980755456633173,562.3829150185184,3.2120527741310068
92,fs_7.5_Ro_70_Std_2.53,30078.36931611257,70.0,0.02061849439589935,620.1706891820579,0.13183321902127887,0.007938152001321105,3.9810507861799693,1.1280873787043433,1.3050675697016558,547.0528204002641,3.1265622713665557
93,fs_9.75_Ro_15_Std_0.14,38276.74774242613,15.0,0.0008965690052188015,34.317745646438,0.12092283056394572,0.007727222062496859,2.2874367861425786,0.38827435305599284,1.1524197523243256,554.9425722571059,5.640093222558366
94,fs_9.75_Ro_15_Std_0.93,38489.37938464306,15.0,0.005922877568796355,227.96788179419525,0.12111430383125593,0.007720037119885399,2.2353160416755915,0.35922356626360613,1.1565981744064384,560.3360727377872,5.691899827394372
95,fs_9.75_Ro_15_Std_1.73,38278.00330802213,15.0,0.011078667872920427,424.06928548812664,0.1195585162961606,0.007660259052134104,2.1258328937444886,0.22641681280834305,1.1390254387439027,542.3846810953753,5.643043130520293
96,fs_9.75_Ro_15_Std_2.53,38585.68295785876,15.0,0.01607255960350308,620.1706891820579,0.12209569294415322,0.007787779710497091,2.439153281427573,0.1539050883777022,1.1634896988808043,571.9453779533986,5.699097180166419
97,fs_9.75_Ro_20_Std_0.14,38952.4055440582,20.0,0.0008810173638088141,34.31774564643799,0.12682536626699278,0.00849108125647372,2.482401029894382,0.2736932929203299,1.1475765143331207,605.5636560051447,6.146827963886003
98,fs_9.75_Ro_20_Std_0.93,39064.414776394915,20.0,0.00583569171838579,227.96788179419528,0.12718896469502516,0.008520362167535545,2.418340461635027,0.2074925354279947,1.1496596229098985,618.5488092892634,6.028150663184792
99,fs_9.75_Ro_20_Std_1.73,38996.89900793717,20.0,0.010874436077643362,424.0692854881266,0.12827134664425444,0.008639674225052638,2.491267115160666,0.21136059517655464,1.1519031294317323,626.4501995091123,6.037745981440743
100,fs_9.75_Ro_20_Std_2.53,37538.66687005842,20.0,0.01652085012312247,620.170689182058,0.1271362464253325,0.008328524921891518,2.667288878435628,0.3903682000630394,1.1731889475349633,582.9475126125741,5.777541106498919
101,fs_9.75_Ro_25_Std_0.14,37764.30459277534,25.0,0.0009087350082703045,34.317745646438,0.13160922355901897,0.00898847813988316,2.374289828830405,0.28905338575662964,1.1615668289325056,609.9537628039712,6.207067599603383
102,fs_9.75_Ro_25_Std_0.93,37871.58209844995,25.0,0.0060194971839723,227.96788179419522,0.131476865541168,0.00893747416069533,2.4586391765346636,0.40694465572177213,1.1656010644135777,618.704811993727,6.077055496892767
103,fs_9.75_Ro_25_Std_1.73,38017.81306342944,25.0,0.011154489206956842,424.0692854881266,0.13098200625073148,0.009180701591507346,2.185538257800499,0.21111953065559164,1.1297712032879288,612.8657995106315,6.1954567988450915
104,fs_9.75_Ro_25_Std_2.53,37889.14579440289,25.0,0.016368030373323218,620.1706891820581,0.1305486048985068,0.00891228196200224,2.2857708722119803,0.19638431044325602,1.154304100462244,611.6338220478624,6.055837894606141
105,fs_9.75_Ro_30_Std_0.14,40200.135385280744,30.0,0.0008536723898448217,34.31774564643799,0.13470416107489813,0.00956706323273004,2.5989556347764715,0.31509302353585245,1.1423903308279693,705.3587750230909,6.540681344477626
106,fs_9.75_Ro_30_Std_0.93,39822.26632178095,30.0,0.005724633549284141,227.96788179419522,0.13400511552621877,0.009365206903012367,2.5740582067155415,0.1710512199709252,1.154385223634275,696.2306134790837,6.331289885722035
107,fs_9.75_Ro_30_Std_1.73,39780.13611461632,30.0,0.010660327663693233,424.0692854881266,0.13291705444692453,0.00913082568931878,2.608721412256158,0.3318663537279575,1.1648303738360357,678.1241455037373,6.432480907158853
108,fs_9.75_Ro_30_Std_2.53,39755.90344803154,30.0,0.01559946159927514,620.1706891820581,0.13316554607118133,0.008888135858832517,2.846581134996207,0.34593950480056673,1.1977593431195699,683.049688550843,6.372039223075543
109,fs_9.75_Ro_40_Std_0.14,40199.55945744695,40.0,0.000853684620170151,34.317745646438,0.13561910967399077,0.009334270501960375,2.6386595241538364,0.21411417330535507,1.1822382749771383,715.6702240652738,6.527574893496928
110,fs_9.75_Ro_40_Std_0.93,40109.48033308381,40.0,0.005683640872458743,227.96788179419525,0.13855410469019755,0.009959300758319689,2.7302636014815787,0.23061374726522407,1.156694755105622,736.7958793469794,6.649368155948093
111,fs_9.75_Ro_40_Std_1.73,39637.32099505925,40.0,0.010698737322358048,424.06928548812664,0.13623990068481814,0.00928271486071667,3.099250246306017,0.473820987710535,1.197670129482306,707.3198070876614,6.432974626255501
112,fs_9.75_Ro_40_Std_2.53,39409.93062859558,40.0,0.0157364065170941,620.170689182058,0.13512842366851732,0.008948196784403884,3.3496078119676045,0.37720019292437545,1.220944633487593,693.232358659597,6.333749754776698
113,fs_9.75_Ro_70_Std_0.14,39810.52579318049,70.0,0.000862026937918931,34.317745646438,0.13471090733141447,0.008600074832358001,3.06700275293046,0.3839426613484552,1.2591028530637778,703.5211483605428,6.324954628781012
114,fs_9.75_Ro_70_Std_0.93,39703.06660202479,70.0,0.005741820501657907,227.96788179419525,0.13858718547636556,0.008919943967050193,3.470507242449503,0.41096023618255234,1.278934728013637,734.3281491068452,6.4330538312001355
115,fs_9.75_Ro_70_Std_1.73,39123.327414897256,70.0,0.010839294955434972,424.0692854881266,0.1379538855034416,0.008626059956177106,4.472088501908563,0.8617844078794895,1.3079819187541282,718.4392286593785,6.221682408932251
116,fs_9.75_Ro_70_Std_2.53,39727.2782943871,70.0,0.015610701659108606,620.170689182058,0.13638910413201058,0.008465713689903641,4.004722802657008,0.8705566917543369,1.3046633547132547,710.8284200620794,6.455849845537016
